{"mu": 71.65599047138912, "sigma": 18173931.034826897}